region_key,median_income
autauga_alabama,69841
baldwin_alabama,75019
barbour_alabama,44290
bibb_alabama,51215
blount_alabama,61096
bullock_alabama,36723
butler_alabama,44881
calhoun_alabama,55826
chambers_alabama,49295
cherokee_alabama,50769
chilton_alabama,61873
choctaw_alabama,44483
clarke_alabama,49167
clay_alabama,51852
cleburne_alabama,53319
coffee_alabama,64672
colbert_alabama,56736
conecuh_alabama,42266
coosa_alabama,57063
covington_alabama,50886
crenshaw_alabama,49040
cullman_alabama,60916
dale_alabama,53955
dallas_alabama,36810
dekalb_alabama,51149
elmore_alabama,75553
escambia_alabama,44447
etowah_alabama,53070
fayette_alabama,50733
franklin_alabama,51493
geneva_alabama,50951
greene_alabama,31495
hale_alabama,41325
henry_alabama,60135
houston_alabama,57531
jackson_alabama,49454
jefferson_alabama,64589
lamar_alabama,47447
lauderdale_alabama,59082
lawrence_alabama,60040
lee_alabama,61123
limestone_alabama,83534
lowndes_alabama,35160
macon_alabama,45951
madison_alabama,83528
marengo_alabama,44205
marion_alabama,50714
marshall_alabama,60946
mobile_alabama,58119
monroe_alabama,40225
montgomery_alabama,58153
morgan_alabama,64858
perry_alabama,34368
pickens_alabama,47014
pike_alabama,47961
randolph_alabama,51551
russell_alabama,50046
st. clair_alabama,78993
shelby_alabama,93543
sumter_alabama,37981
talladega_alabama,56249
tallapoosa_alabama,57185
tuscaloosa_alabama,63947
walker_alabama,54509
washington_alabama,60503
wilcox_alabama,42236
winston_alabama,48032
aleutians east_alaska,72692
aleutians west_alaska,107344
anchorage municipality_alaska,98152
bethel_alaska,70616
bristol bay_alaska,100625
chugach_alaska,88565
copper river_alaska,75053
denali_alaska,88935
dillingham_alaska,74250
fairbanks north star_alaska,84722
haines_alaska,72607
hoonah-angoon_alaska,62500
juneau city and_alaska,100513
kenai peninsula_alaska,77722
ketchikan gateway_alaska,89155
kodiak island_alaska,83716
kusilvak_alaska,48233
lake and peninsula_alaska,64000
matanuska-susitna_alaska,90625
nome_alaska,76643
north slope_alaska,86313
northwest arctic_alaska,81298
petersburg_alaska,77026
prince of wales-hyder_alaska,59079
sitka city and_alaska,101207
skagway municipality_alaska,78594
southeast fairbanks_alaska,74223
wrangell city and_alaska,64545
yakutat city and_alaska,80625
yukon-koyukuk_alaska,52642
apache_arizona,40338
cochise_arizona,58970
coconino_arizona,69748
gila_arizona,59089
graham_arizona,67326
greenlee_arizona,75239
la paz_arizona,49506
maricopa_arizona,85518
mohave_arizona,55799
navajo_arizona,52752
pima_arizona,67929
pinal_arizona,77588
santa cruz_arizona,53614
yavapai_arizona,66106
yuma_arizona,60417
arkansas_arkansas,60831
ashley_arkansas,44481
baxter_arkansas,48427
benton_arkansas,89879
boone_arkansas,54195
bradley_arkansas,39565
calhoun_arkansas,63654
carroll_arkansas,55187
chicot_arkansas,39683
clark_arkansas,50985
clay_arkansas,48500
cleburne_arkansas,55979
cleveland_arkansas,50509
columbia_arkansas,47363
conway_arkansas,51212
craighead_arkansas,57615
crawford_arkansas,60362
crittenden_arkansas,54271
cross_arkansas,47012
dallas_arkansas,44694
desha_arkansas,36064
drew_arkansas,41071
faulkner_arkansas,65071
franklin_arkansas,51919
fulton_arkansas,38941
garland_arkansas,55409
grant_arkansas,72512
greene_arkansas,56793
hempstead_arkansas,47654
hot spring_arkansas,52644
howard_arkansas,44492
independence_arkansas,56009
izard_arkansas,47728
jackson_arkansas,41215
jefferson_arkansas,48552
johnson_arkansas,44808
lafayette_arkansas,37237
lawrence_arkansas,44164
lee_arkansas,36860
lincoln_arkansas,51667
little river_arkansas,52241
logan_arkansas,54237
lonoke_arkansas,71449
madison_arkansas,53888
marion_arkansas,46953
miller_arkansas,49983
mississippi_arkansas,53428
monroe_arkansas,43955
montgomery_arkansas,49015
nevada_arkansas,41761
newton_arkansas,47395
ouachita_arkansas,49838
perry_arkansas,60078
phillips_arkansas,38874
pike_arkansas,51000
poinsett_arkansas,47188
polk_arkansas,49252
pope_arkansas,54606
prairie_arkansas,51094
pulaski_arkansas,60385
randolph_arkansas,52838
st. francis_arkansas,41784
saline_arkansas,76534
scott_arkansas,45955
searcy_arkansas,41978
sebastian_arkansas,56450
sevier_arkansas,51641
sharp_arkansas,42950
stone_arkansas,38531
union_arkansas,50221
van buren_arkansas,47266
washington_arkansas,66426
white_arkansas,53435
woodruff_arkansas,49982
yell_arkansas,58870
alameda_california,126240
alpine_california,110781
amador_california,81526
butte_california,68574
calaveras_california,79877
colusa_california,75149
contra costa_california,125727
del norte_california,66780
el dorado_california,106190
fresno_california,71434
glenn_california,70487
humboldt_california,61135
imperial_california,56393
inyo_california,72432
kern_california,67660
kings_california,68750
lake_california,58738
lassen_california,64395
los angeles_california,87760
madera_california,75496
marin_california,142785
mariposa_california,65378
mendocino_california,64688
merced_california,65044
modoc_california,56648
mono_california,86953
monterey_california,94486
napa_california,108970
nevada_california,84905
orange_california,113702
placer_california,114678
plumas_california,64946
riverside_california,89672
sacramento_california,88724
san benito_california,108289
san bernardino_california,82184
san diego_california,102285
san francisco_california,141446
san joaquin_california,88531
san luis obispo_california,93398
san mateo_california,156000
santa barbara_california,95977
santa clara_california,159674
santa cruz_california,109266
shasta_california,71931
sierra_california,60000
siskiyou_california,55499
solano_california,99994
sonoma_california,102840
stanislaus_california,79661
sutter_california,75450
tehama_california,61834
trinity_california,53498
tulare_california,69489
tuolumne_california,72259
ventura_california,107327
yolo_california,88818
yuba_california,73313
adams_colorado,91387
alamosa_colorado,51445
arapahoe_colorado,97215
archuleta_colorado,76524
baca_colorado,40380
bent_colorado,49194
boulder_colorado,102772
broomfield_colorado,121025
chaffee_colorado,70909
cheyenne_colorado,67768
clear creek_colorado,96667
conejos_colorado,47209
costilla_colorado,36519
crowley_colorado,47563
custer_colorado,72700
delta_colorado,58330
denver_colorado,91681
dolores_colorado,70490
douglas_colorado,145737
eagle_colorado,103174
elbert_colorado,129477
el paso_colorado,87470
fremont_colorado,61027
garfield_colorado,86172
gilpin_colorado,88654
grand_colorado,84558
gunnison_colorado,77358
hinsdale_colorado,64327
huerfano_colorado,52139
jackson_colorado,41809
jefferson_colorado,107800
kiowa_colorado,56389
kit carson_colorado,59810
lake_colorado,93655
la plata_colorado,85296
larimer_colorado,91364
las animas_colorado,50408
lincoln_colorado,54257
logan_colorado,55074
mesa_colorado,71485
mineral_colorado,52455
moffat_colorado,70975
montezuma_colorado,63005
montrose_colorado,66072
morgan_colorado,75407
otero_colorado,54897
ouray_colorado,84556
park_colorado,95450
phillips_colorado,60372
pitkin_colorado,100318
prowers_colorado,57601
pueblo_colorado,62250
rio blanco_colorado,72620
rio grande_colorado,62166
routt_colorado,104803
saguache_colorado,54283
san juan_colorado,73889
san miguel_colorado,80117
sedgwick_colorado,52833
summit_colorado,106255
teller_colorado,80666
washington_colorado,65164
weld_colorado,93287
yuma_colorado,60051
capitol planning region_connecticut,91541
greater bridgeport planning region_connecticut,87135
lower connecticut river valley planning region_connecticut,101117
naugatuck valley planning region_connecticut,86365
northeastern connecticut planning region_connecticut,87564
northwest hills planning region_connecticut,91035
south central connecticut planning region_connecticut,86266
southeastern connecticut planning region_connecticut,84185
western connecticut planning region_connecticut,124553
kent_delaware,72872
new castle_delaware,89901
sussex_delaware,78162
district of columbia_district of columbia,106287
alachua_florida,59659
baker_florida,70833
bay_florida,70188
bradford_florida,59740
brevard_florida,75817
broward_florida,74534
calhoun_florida,46901
charlotte_florida,66154
citrus_florida,55355
clay_florida,86094
collier_florida,86173
columbia_florida,55070
desoto_florida,50868
dixie_florida,47655
duval_florida,68447
escambia_florida,65715
flagler_florida,72923
franklin_florida,62734
gadsden_florida,46047
gilchrist_florida,61070
glades_florida,38905
gulf_florida,67361
hamilton_florida,47696
hardee_florida,54231
hendry_florida,53044
hernando_florida,63193
highlands_florida,55581
hillsborough_florida,75011
holmes_florida,48236
indian river_florida,71049
jackson_florida,47327
jefferson_florida,56984
lafayette_florida,60692
lake_florida,69956
lee_florida,73099
leon_florida,65074
levy_florida,53805
liberty_florida,53824
madison_florida,48176
manatee_florida,75792
marion_florida,58535
martin_florida,80701
miami-dade_florida,68694
monroe_florida,82430
nassau_florida,88900
okaloosa_florida,79097
okeechobee_florida,52288
orange_florida,77011
osceola_florida,68711
palm beach_florida,81115
pasco_florida,67384
pinellas_florida,70293
polk_florida,63644
putnam_florida,47256
st. johns_florida,106169
st. lucie_florida,69027
santa rosa_florida,88968
sarasota_florida,80633
seminole_florida,83030
sumter_florida,73297
suwannee_florida,55479
taylor_florida,44985
union_florida,64922
volusia_florida,66581
wakulla_florida,74183
walton_florida,79281
washington_florida,52723
appling_georgia,43728
atkinson_georgia,38438
bacon_georgia,50310
baker_georgia,44405
baldwin_georgia,55413
banks_georgia,68830
barrow_georgia,77477
bartow_georgia,79431
ben hill_georgia,39081
berrien_georgia,50414
bibb_georgia,50747
bleckley_georgia,53005
brantley_georgia,47801
brooks_georgia,47656
bryan_georgia,94234
bulloch_georgia,56832
burke_georgia,50739
butts_georgia,59221
calhoun_georgia,55714
camden_georgia,72399
candler_georgia,50431
carroll_georgia,72327
catoosa_georgia,72425
charlton_georgia,48534
chatham_georgia,69575
chattahoochee_georgia,59221
chattooga_georgia,47785
cherokee_georgia,105442
clarke_georgia,52267
clay_georgia,48715
clayton_georgia,58507
clinch_georgia,55549
cobb_georgia,98712
coffee_georgia,50175
colquitt_georgia,49691
columbia_georgia,96122
cook_georgia,50133
coweta_georgia,94142
crawford_georgia,60905
crisp_georgia,42745
dade_georgia,58936
dawson_georgia,88986
decatur_georgia,50485
dekalb_georgia,77683
dodge_georgia,50152
dooly_georgia,56545
dougherty_georgia,46784
douglas_georgia,80764
early_georgia,53750
echols_georgia,61723
effingham_georgia,85465
elbert_georgia,49727
emanuel_georgia,50053
evans_georgia,53908
fannin_georgia,58073
fayette_georgia,108986
floyd_georgia,62540
forsyth_georgia,138000
franklin_georgia,52264
fulton_georgia,91490
gilmer_georgia,72542
glascock_georgia,55250
glynn_georgia,68546
gordon_georgia,61997
grady_georgia,54312
greene_georgia,84530
gwinnett_georgia,84823
habersham_georgia,65622
hall_georgia,77430
hancock_georgia,33182
haralson_georgia,65016
harris_georgia,89184
hart_georgia,57241
heard_georgia,62907
henry_georgia,81612
houston_georgia,80743
irwin_georgia,53915
jackson_georgia,85012
jasper_georgia,59574
jeff davis_georgia,40879
jefferson_georgia,46561
jenkins_georgia,36906
johnson_georgia,54183
jones_georgia,68259
lamar_georgia,68457
lanier_georgia,44361
laurens_georgia,49705
lee_georgia,88024
liberty_georgia,59013
lincoln_georgia,50688
long_georgia,64747
lowndes_georgia,55887
lumpkin_georgia,72388
mcduffie_georgia,54058
mcintosh_georgia,50348
macon_georgia,37177
madison_georgia,58784
marion_georgia,50484
meriwether_georgia,56458
miller_georgia,58407
mitchell_georgia,51908
monroe_georgia,82863
montgomery_georgia,51188
morgan_georgia,85692
murray_georgia,67880
muscogee_georgia,56622
newton_georgia,73732
oconee_georgia,115925
oglethorpe_georgia,69784
paulding_georgia,94557
peach_georgia,68365
pickens_georgia,75293
pierce_georgia,56691
pike_georgia,84184
polk_georgia,55308
pulaski_georgia,47688
putnam_georgia,64163
quitman_georgia,36838
rabun_georgia,61466
randolph_georgia,25425
richmond_georgia,53197
rockdale_georgia,72349
schley_georgia,59647
screven_georgia,53017
seminole_georgia,49559
spalding_georgia,60217
stephens_georgia,52264
stewart_georgia,35000
sumter_georgia,41877
talbot_georgia,45098
taliaferro_georgia,48036
tattnall_georgia,52351
taylor_georgia,41743
telfair_georgia,44948
terrell_georgia,43812
thomas_georgia,60140
tift_georgia,53165
toombs_georgia,54130
towns_georgia,58400
treutlen_georgia,43750
troup_georgia,54905
turner_georgia,39565
twiggs_georgia,55439
union_georgia,65697
upson_georgia,50904
walker_georgia,55887
walton_georgia,82381
ware_georgia,44833
warren_georgia,46776
washington_georgia,44009
wayne_georgia,49562
webster_georgia,40764
wheeler_georgia,45262
white_georgia,69747
whitfield_georgia,64262
wilcox_georgia,48036
wilkes_georgia,52542
wilkinson_georgia,46673
worth_georgia,57201
hawaii_hawaii,77215
honolulu_hawaii,104264
kalawao_hawaii,86250
kauai_hawaii,93612
maui_hawaii,95076
ada_idaho,88907
adams_idaho,59286
bannock_idaho,64080
bear lake_idaho,67304
benewah_idaho,56553
bingham_idaho,76842
blaine_idaho,84470
boise_idaho,77349
bonner_idaho,65168
bonneville_idaho,76646
boundary_idaho,62438
butte_idaho,43281
camas_idaho,55536
canyon_idaho,72355
caribou_idaho,66653
cassia_idaho,67042
clark_idaho,52083
clearwater_idaho,57961
custer_idaho,56957
elmore_idaho,58976
franklin_idaho,65991
fremont_idaho,72767
gem_idaho,66245
gooding_idaho,62395
idaho_idaho,60975
jefferson_idaho,82952
jerome_idaho,69338
kootenai_idaho,77034
latah_idaho,65179
lemhi_idaho,52057
lewis_idaho,49643
lincoln_idaho,66038
madison_idaho,58259
minidoka_idaho,70060
nez perce_idaho,71466
oneida_idaho,72563
owyhee_idaho,59773
payette_idaho,65723
power_idaho,59760
shoshone_idaho,49975
teton_idaho,90740
twin falls_idaho,65338
valley_idaho,76125
washington_idaho,53608
adams_illinois,64962
alexander_illinois,43523
bond_illinois,61603
boone_illinois,81638
brown_illinois,72288
bureau_illinois,65894
calhoun_illinois,92095
carroll_illinois,60871
cass_illinois,64907
champaign_illinois,63091
christian_illinois,59253
clark_illinois,70625
clay_illinois,57266
clinton_illinois,82314
coles_illinois,56040
cook_illinois,81797
crawford_illinois,67614
cumberland_illinois,69826
dekalb_illinois,69022
de witt_illinois,64802
douglas_illinois,74186
dupage_illinois,110502
edgar_illinois,56909
edwards_illinois,59386
effingham_illinois,75380
fayette_illinois,57113
ford_illinois,60782
franklin_illinois,53471
fulton_illinois,58617
gallatin_illinois,54626
greene_illinois,60976
grundy_illinois,93060
hamilton_illinois,61520
hancock_illinois,65044
hardin_illinois,57155
henderson_illinois,65651
henry_illinois,69912
iroquois_illinois,62439
jackson_illinois,45572
jasper_illinois,71094
jefferson_illinois,61102
jersey_illinois,79104
jo daviess_illinois,74954
johnson_illinois,65203
kane_illinois,100678
kankakee_illinois,68325
kendall_illinois,110474
knox_illinois,53291
lake_illinois,108917
lasalle_illinois,72281
lawrence_illinois,53438
lee_illinois,68459
livingston_illinois,70796
logan_illinois,64188
mcdonough_illinois,50434
mchenry_illinois,102836
mclean_illinois,78329
macon_illinois,62449
macoupin_illinois,68518
madison_illinois,74800
marion_illinois,60839
marshall_illinois,69818
mason_illinois,62127
massac_illinois,62584
menard_illinois,81334
mercer_illinois,71710
monroe_illinois,101635
montgomery_illinois,61863
morgan_illinois,65175
moultrie_illinois,71676
ogle_illinois,79244
peoria_illinois,64938
perry_illinois,59286
piatt_illinois,87516
pike_illinois,58029
pope_illinois,62500
pulaski_illinois,43227
putnam_illinois,77526
randolph_illinois,68870
richland_illinois,60404
rock island_illinois,66768
st. clair_illinois,70178
saline_illinois,54945
sangamon_illinois,74114
schuyler_illinois,66059
scott_illinois,73013
shelby_illinois,68457
stark_illinois,62284
stephenson_illinois,61943
tazewell_illinois,76704
union_illinois,56420
vermilion_illinois,54537
wabash_illinois,53650
warren_illinois,64650
washington_illinois,75652
wayne_illinois,53107
white_illinois,53097
whiteside_illinois,64536
will_illinois,107799
williamson_illinois,65521
winnebago_illinois,64363
woodford_illinois,85629
adams_indiana,63128
allen_indiana,68839
bartholomew_indiana,80365
benton_indiana,61811
blackford_indiana,47560
boone_indiana,104865
brown_indiana,72644
carroll_indiana,64003
cass_indiana,56525
clark_indiana,72298
clay_indiana,67676
clinton_indiana,63690
crawford_indiana,48993
daviess_indiana,68561
dearborn_indiana,82693
decatur_indiana,74228
dekalb_indiana,70080
delaware_indiana,56932
dubois_indiana,71918
elkhart_indiana,65617
fayette_indiana,56659
floyd_indiana,78179
fountain_indiana,62526
franklin_indiana,79702
fulton_indiana,62878
gibson_indiana,67763
grant_indiana,54007
greene_indiana,59753
hamilton_indiana,117957
hancock_indiana,91326
harrison_indiana,72468
hendricks_indiana,99988
henry_indiana,60144
howard_indiana,62496
huntington_indiana,62734
jackson_indiana,70208
jasper_indiana,79634
jay_indiana,54114
jefferson_indiana,59987
jennings_indiana,68476
johnson_indiana,87227
knox_indiana,58863
kosciusko_indiana,73922
lagrange_indiana,83741
lake_indiana,68985
laporte_indiana,70452
lawrence_indiana,65551
madison_indiana,62632
marion_indiana,63450
marshall_indiana,68041
martin_indiana,65345
miami_indiana,61130
monroe_indiana,63372
montgomery_indiana,66571
morgan_indiana,79088
newton_indiana,68596
noble_indiana,70908
ohio_indiana,67942
orange_indiana,64758
owen_indiana,59586
parke_indiana,66776
perry_indiana,61099
pike_indiana,66250
porter_indiana,85828
posey_indiana,79124
pulaski_indiana,59956
putnam_indiana,76182
randolph_indiana,61121
ripley_indiana,71084
rush_indiana,64393
st. joseph_indiana,64885
scott_indiana,54583
shelby_indiana,71301
spencer_indiana,70890
starke_indiana,62933
steuben_indiana,71483
sullivan_indiana,54985
switzerland_indiana,65148
tippecanoe_indiana,58622
tipton_indiana,78309
union_indiana,79500
vanderburgh_indiana,60938
vermillion_indiana,59363
vigo_indiana,52525
wabash_indiana,68414
warren_indiana,74635
warrick_indiana,95027
washington_indiana,61358
wayne_indiana,56652
wells_indiana,69741
white_indiana,66143
whitley_indiana,75790
adair_iowa,66176
adams_iowa,68828
allamakee_iowa,66000
appanoose_iowa,51146
audubon_iowa,54152
benton_iowa,84742
black hawk_iowa,64581
boone_iowa,79741
bremer_iowa,83343
buchanan_iowa,78430
buena vista_iowa,66564
butler_iowa,69651
calhoun_iowa,66875
carroll_iowa,68528
cass_iowa,61657
cedar_iowa,79080
cerro gordo_iowa,65537
cherokee_iowa,64478
chickasaw_iowa,73421
clarke_iowa,66821
clay_iowa,64082
clayton_iowa,62326
clinton_iowa,65177
crawford_iowa,65039
dallas_iowa,102349
davis_iowa,79505
decatur_iowa,57146
delaware_iowa,76205
des moines_iowa,60662
dickinson_iowa,74570
dubuque_iowa,75919
emmet_iowa,65181
fayette_iowa,58764
floyd_iowa,64500
franklin_iowa,63648
fremont_iowa,73750
greene_iowa,59159
grundy_iowa,83617
guthrie_iowa,79981
hamilton_iowa,71750
hancock_iowa,70212
hardin_iowa,64906
harrison_iowa,77027
henry_iowa,64604
howard_iowa,67336
humboldt_iowa,66994
ida_iowa,62841
iowa_iowa,72185
jackson_iowa,71605
jasper_iowa,70128
jefferson_iowa,56824
johnson_iowa,74721
jones_iowa,73071
keokuk_iowa,60856
kossuth_iowa,65656
lee_iowa,59803
linn_iowa,76421
louisa_iowa,80223
lucas_iowa,67921
lyon_iowa,72881
madison_iowa,89542
mahaska_iowa,69019
marion_iowa,78059
marshall_iowa,72785
mills_iowa,87810
mitchell_iowa,68704
monona_iowa,62944
monroe_iowa,72518
montgomery_iowa,63190
muscatine_iowa,69512
o'brien_iowa,68216
osceola_iowa,69138
page_iowa,57752
palo alto_iowa,68963
plymouth_iowa,81600
pocahontas_iowa,63423
polk_iowa,81621
pottawattamie_iowa,71446
poweshiek_iowa,64837
ringgold_iowa,69821
sac_iowa,70991
scott_iowa,76363
shelby_iowa,67690
sioux_iowa,84736
story_iowa,69006
tama_iowa,67955
taylor_iowa,67279
union_iowa,56813
van buren_iowa,60183
wapello_iowa,60034
warren_iowa,92990
washington_iowa,71339
wayne_iowa,59118
webster_iowa,68054
winnebago_iowa,63719
winneshiek_iowa,75652
woodbury_iowa,70147
worth_iowa,76875
wright_iowa,64033
allen_kansas,57618
anderson_kansas,64925
atchison_kansas,62164
barber_kansas,57615
barton_kansas,56733
bourbon_kansas,67555
brown_kansas,58886
butler_kansas,80375
chase_kansas,54518
chautauqua_kansas,54592
cherokee_kansas,58274
cheyenne_kansas,55765
clark_kansas,65515
clay_kansas,63136
cloud_kansas,57333
coffey_kansas,67377
comanche_kansas,49417
cowley_kansas,58263
crawford_kansas,50311
decatur_kansas,52030
dickinson_kansas,67982
doniphan_kansas,72833
douglas_kansas,68756
edwards_kansas,53792
elk_kansas,56087
ellis_kansas,59889
ellsworth_kansas,66792
finney_kansas,72437
ford_kansas,70495
franklin_kansas,72142
geary_kansas,57344
gove_kansas,63203
graham_kansas,52909
grant_kansas,72484
gray_kansas,77885
greeley_kansas,78819
greenwood_kansas,58276
hamilton_kansas,61929
harper_kansas,55417
harvey_kansas,73269
haskell_kansas,69138
hodgeman_kansas,63125
jackson_kansas,72703
jefferson_kansas,77393
jewell_kansas,52344
johnson_kansas,107261
kearny_kansas,74135
kingman_kansas,59819
kiowa_kansas,73214
labette_kansas,55439
lane_kansas,53042
leavenworth_kansas,86906
lincoln_kansas,53546
linn_kansas,59200
logan_kansas,71389
lyon_kansas,59078
mcpherson_kansas,77701
marion_kansas,63438
marshall_kansas,70828
meade_kansas,74868
miami_kansas,88000
mitchell_kansas,58233
montgomery_kansas,53242
morris_kansas,56716
morton_kansas,65625
nemaha_kansas,77375
neosho_kansas,55704
ness_kansas,66107
norton_kansas,50305
osage_kansas,70216
osborne_kansas,59408
ottawa_kansas,76755
pawnee_kansas,63625
phillips_kansas,61235
pottawatomie_kansas,87694
pratt_kansas,64348
rawlins_kansas,65000
reno_kansas,60498
republic_kansas,53611
rice_kansas,63947
riley_kansas,59560
rooks_kansas,61596
rush_kansas,60288
russell_kansas,53902
saline_kansas,63316
scott_kansas,67788
sedgwick_kansas,67675
seward_kansas,62269
shawnee_kansas,66043
sheridan_kansas,70000
sherman_kansas,64444
smith_kansas,57024
stafford_kansas,63786
stanton_kansas,70361
stevens_kansas,61909
sumner_kansas,60348
thomas_kansas,73575
trego_kansas,73375
wabaunsee_kansas,70536
wallace_kansas,60263
washington_kansas,62452
wichita_kansas,71282
wilson_kansas,57056
woodson_kansas,48152
wyandotte_kansas,60582
adair_kentucky,50316
allen_kentucky,59029
anderson_kentucky,71747
ballard_kentucky,64740
barren_kentucky,49171
bath_kentucky,54128
bell_kentucky,32403
boone_kentucky,94752
bourbon_kentucky,56322
boyd_kentucky,60659
boyle_kentucky,61635
bracken_kentucky,59521
breathitt_kentucky,41101
breckinridge_kentucky,53673
bullitt_kentucky,77640
butler_kentucky,52003
caldwell_kentucky,57618
calloway_kentucky,51854
campbell_kentucky,77271
carlisle_kentucky,62019
carroll_kentucky,57753
carter_kentucky,50389
casey_kentucky,41689
christian_kentucky,54190
clark_kentucky,67824
clay_kentucky,39607
clinton_kentucky,42168
crittenden_kentucky,47003
cumberland_kentucky,39662
daviess_kentucky,65323
edmonson_kentucky,54512
elliott_kentucky,40074
estill_kentucky,43905
fayette_kentucky,67631
fleming_kentucky,49663
floyd_kentucky,41582
franklin_kentucky,66470
fulton_kentucky,36834
gallatin_kentucky,62247
garrard_kentucky,62572
grant_kentucky,67940
graves_kentucky,50576
grayson_kentucky,49893
green_kentucky,41087
greenup_kentucky,59613
hancock_kentucky,66836
hardin_kentucky,67608
harlan_kentucky,37198
harrison_kentucky,63205
hart_kentucky,49653
henderson_kentucky,58239
henry_kentucky,60736
hickman_kentucky,63750
hopkins_kentucky,57610
jackson_kentucky,41410
jefferson_kentucky,67849
jessamine_kentucky,74886
johnson_kentucky,43014
kenton_kentucky,79421
knott_kentucky,37736
knox_kentucky,33153
larue_kentucky,67770
laurel_kentucky,56999
lawrence_kentucky,45584
lee_kentucky,34182
leslie_kentucky,40176
letcher_kentucky,40501
lewis_kentucky,41632
lincoln_kentucky,50862
livingston_kentucky,59713
logan_kentucky,61535
lyon_kentucky,64464
mccracken_kentucky,62385
mccreary_kentucky,37355
mclean_kentucky,70549
madison_kentucky,62407
magoffin_kentucky,33632
marion_kentucky,55404
marshall_kentucky,63611
martin_kentucky,46185
mason_kentucky,51473
meade_kentucky,70163
menifee_kentucky,44672
mercer_kentucky,63115
metcalfe_kentucky,48572
monroe_kentucky,49430
montgomery_kentucky,57468
morgan_kentucky,47493
muhlenberg_kentucky,52672
nelson_kentucky,67888
nicholas_kentucky,53616
ohio_kentucky,54369
oldham_kentucky,121491
owen_kentucky,59706
owsley_kentucky,31064
pendleton_kentucky,66601
perry_kentucky,45261
pike_kentucky,42179
powell_kentucky,39811
pulaski_kentucky,50943
robertson_kentucky,52337
rockcastle_kentucky,48367
rowan_kentucky,53657
russell_kentucky,50520
scott_kentucky,83660
shelby_kentucky,82671
simpson_kentucky,57392
spencer_kentucky,98333
taylor_kentucky,61871
todd_kentucky,57759
trigg_kentucky,54630
trimble_kentucky,67813
union_kentucky,60989
warren_kentucky,64801
washington_kentucky,59762
wayne_kentucky,41933
webster_kentucky,58786
whitley_kentucky,41719
wolfe_kentucky,29052
woodford_kentucky,80006
acadia_louisiana,45266
allen_louisiana,51138
ascension_louisiana,92266
assumption_louisiana,52546
avoyelles_louisiana,39439
beauregard_louisiana,64995
bienville_louisiana,34992
bossier_louisiana,66336
caddo_louisiana,50067
calcasieu_louisiana,67849
caldwell_louisiana,44957
cameron_louisiana,72500
catahoula_louisiana,47753
claiborne_louisiana,31784
concordia_louisiana,37349
de soto_louisiana,46077
east baton rouge_louisiana,63075
east carroll_louisiana,28321
east feliciana_louisiana,72899
evangeline_louisiana,42273
franklin_louisiana,44103
grant_louisiana,61112
iberia_louisiana,57811
iberville_louisiana,57459
jackson_louisiana,43345
jefferson_louisiana,65246
jefferson davis_louisiana,56500
lafayette_louisiana,67660
lafourche_louisiana,63439
lasalle_louisiana,67077
lincoln_louisiana,38035
livingston_louisiana,78617
madison_louisiana,37267
morehouse_louisiana,36981
natchitoches_louisiana,46798
orleans_louisiana,55339
ouachita_louisiana,51241
plaquemines_louisiana,82874
pointe coupee_louisiana,59351
rapides_louisiana,55946
red river_louisiana,44539
richland_louisiana,52960
sabine_louisiana,52047
st. bernard_louisiana,57638
st. charles_louisiana,82172
st. helena_louisiana,50193
st. james_louisiana,64536
st. john the baptist_louisiana,67418
st. landry_louisiana,45637
st. martin_louisiana,53394
st. mary_louisiana,51768
st. tammany_louisiana,79277
tangipahoa_louisiana,57256
tensas_louisiana,36074
terrebonne_louisiana,64819
union_louisiana,45743
vermilion_louisiana,57537
vernon_louisiana,58281
washington_louisiana,42776
webster_louisiana,37396
west baton rouge_louisiana,87320
west carroll_louisiana,48514
west feliciana_louisiana,74277
winn_louisiana,46368
androscoggin_maine,67298
aroostook_maine,54254
cumberland_maine,92983
franklin_maine,58522
hancock_maine,69630
kennebec_maine,65062
knox_maine,71903
lincoln_maine,72026
oxford_maine,57933
penobscot_maine,63248
piscataquis_maine,55234
sagadahoc_maine,82080
somerset_maine,56199
waldo_maine,68441
washington_maine,52237
york_maine,82904
allegany_maryland,57393
anne arundel_maryland,120324
baltimore_maryland,90904
calvert_maryland,132059
caroline_maryland,66368
carroll_maryland,115876
cecil_maryland,91146
charles_maryland,120592
dorchester_maryland,60495
frederick_maryland,120458
garrett_maryland,69031
harford_maryland,111317
howard_maryland,146982
kent_maryland,74402
montgomery_maryland,128733
prince george's_maryland,100708
queen anne's_maryland,113347
st. mary's_maryland,114580
somerset_maryland,52462
talbot_maryland,84378
washington_maryland,74157
wicomico_maryland,72861
worcester_maryland,81455
baltimore city_maryland,59623
barnstable_massachusetts,94452
berkshire_massachusetts,72565
bristol_massachusetts,84198
dukes_massachusetts,102348
essex_massachusetts,99431
franklin_massachusetts,72584
hampden_massachusetts,70535
hampshire_massachusetts,86391
middlesex_massachusetts,126779
nantucket_massachusetts,119750
norfolk_massachusetts,126497
plymouth_massachusetts,109698
suffolk_massachusetts,92859
worcester_massachusetts,93561
alcona_michigan,53568
alger_michigan,59406
allegan_michigan,80255
alpena_michigan,51909
antrim_michigan,71421
arenac_michigan,56989
baraga_michigan,55117
barry_michigan,77873
bay_michigan,60523
benzie_michigan,72603
berrien_michigan,63152
branch_michigan,61958
calhoun_michigan,60385
cass_michigan,68011
charlevoix_michigan,76495
cheboygan_michigan,61619
chippewa_michigan,60631
clare_michigan,49805
clinton_michigan,85928
crawford_michigan,58614
delta_michigan,54829
dickinson_michigan,61882
eaton_michigan,78025
emmet_michigan,73724
genesee_michigan,60673
gladwin_michigan,55576
gogebic_michigan,49672
grand traverse_michigan,79486
gratiot_michigan,61128
hillsdale_michigan,60869
houghton_michigan,56573
huron_michigan,56963
ingham_michigan,64354
ionia_michigan,73436
iosco_michigan,47777
iron_michigan,53614
isabella_michigan,53759
jackson_michigan,65004
kalamazoo_michigan,70525
kalkaska_michigan,60365
kent_michigan,80390
keweenaw_michigan,53893
lake_michigan,49680
lapeer_michigan,76228
leelanau_michigan,91943
lenawee_michigan,67013
livingston_michigan,101315
luce_michigan,54338
mackinac_michigan,58598
macomb_michigan,76399
manistee_michigan,60879
marquette_michigan,64675
mason_michigan,62296
mecosta_michigan,57774
menominee_michigan,55688
midland_michigan,77538
missaukee_michigan,61868
monroe_michigan,75272
montcalm_michigan,64892
montmorency_michigan,47803
muskegon_michigan,63495
newaygo_michigan,61931
oakland_michigan,95296
oceana_michigan,63624
ogemaw_michigan,51983
ontonagon_michigan,51844
osceola_michigan,57050
oscoda_michigan,50581
otsego_michigan,67285
ottawa_michigan,87144
presque isle_michigan,56713
roscommon_michigan,54106
saginaw_michigan,58347
st. clair_michigan,69349
st. joseph_michigan,64707
sanilac_michigan,59074
schoolcraft_michigan,57708
shiawassee_michigan,64464
tuscola_michigan,62847
van buren_michigan,66902
washtenaw_michigan,87156
wayne_michigan,59521
wexford_michigan,63123
aitkin_minnesota,59498
anoka_minnesota,98764
becker_minnesota,71117
beltrami_minnesota,67257
benton_minnesota,71480
big stone_minnesota,65475
blue earth_minnesota,72623
brown_minnesota,68690
carlton_minnesota,80042
carver_minnesota,123144
cass_minnesota,64937
chippewa_minnesota,69192
chisago_minnesota,98260
clay_minnesota,77664
clearwater_minnesota,64934
cook_minnesota,71643
cottonwood_minnesota,68239
crow wing_minnesota,71343
dakota_minnesota,105212
dodge_minnesota,92943
douglas_minnesota,77264
faribault_minnesota,64391
fillmore_minnesota,75225
freeborn_minnesota,69012
goodhue_minnesota,82749
grant_minnesota,72957
hennepin_minnesota,96339
houston_minnesota,77087
hubbard_minnesota,70622
isanti_minnesota,86573
itasca_minnesota,66380
jackson_minnesota,69955
kanabec_minnesota,71915
kandiyohi_minnesota,75097
kittson_minnesota,69615
koochiching_minnesota,69115
lac qui parle_minnesota,71639
lake_minnesota,75621
lake of the woods_minnesota,70091
le sueur_minnesota,90218
lincoln_minnesota,67715
lyon_minnesota,72761
mcleod_minnesota,78468
mahnomen_minnesota,53925
marshall_minnesota,71701
martin_minnesota,62969
meeker_minnesota,75037
mille lacs_minnesota,71455
morrison_minnesota,68640
mower_minnesota,71495
murray_minnesota,74475
nicollet_minnesota,80362
nobles_minnesota,65509
norman_minnesota,69833
olmsted_minnesota,93494
otter tail_minnesota,70912
pennington_minnesota,72561
pine_minnesota,69666
pipestone_minnesota,66073
polk_minnesota,69136
pope_minnesota,72205
ramsey_minnesota,81004
red lake_minnesota,77500
redwood_minnesota,67024
renville_minnesota,69086
rice_minnesota,82792
rock_minnesota,70698
roseau_minnesota,73611
st. louis_minnesota,69455
scott_minnesota,120247
sherburne_minnesota,102965
sibley_minnesota,76082
stearns_minnesota,76447
steele_minnesota,83448
stevens_minnesota,71060
swift_minnesota,62601
todd_minnesota,63039
traverse_minnesota,65931
wabasha_minnesota,80133
wadena_minnesota,56882
waseca_minnesota,75052
washington_minnesota,114457
watonwan_minnesota,70593
wilkin_minnesota,69635
winona_minnesota,70198
wright_minnesota,106666
yellow medicine_minnesota,71573
adams_mississippi,40250
alcorn_mississippi,49404
amite_mississippi,35385
attala_mississippi,48098
benton_mississippi,42139
bolivar_mississippi,37315
calhoun_mississippi,43942
carroll_mississippi,55275
chickasaw_mississippi,43041
choctaw_mississippi,48321
claiborne_mississippi,34371
clarke_mississippi,46054
clay_mississippi,39904
coahoma_mississippi,36259
copiah_mississippi,47994
covington_mississippi,47001
desoto_mississippi,82980
forrest_mississippi,52821
franklin_mississippi,45618
george_mississippi,54822
greene_mississippi,55838
grenada_mississippi,47998
hancock_mississippi,67728
harrison_mississippi,57233
hinds_mississippi,49966
holmes_mississippi,29434
humphreys_mississippi,32976
issaquena_mississippi,29271
itawamba_mississippi,59508
jackson_mississippi,64756
jasper_mississippi,47157
jefferson_mississippi,36207
jefferson davis_mississippi,37183
jones_mississippi,51143
kemper_mississippi,43595
lafayette_mississippi,64334
lamar_mississippi,69106
lauderdale_mississippi,50033
lawrence_mississippi,43368
leake_mississippi,48418
lee_mississippi,67144
leflore_mississippi,33188
lincoln_mississippi,48316
lowndes_mississippi,54460
madison_mississippi,78794
marion_mississippi,42320
marshall_mississippi,51875
monroe_mississippi,51231
montgomery_mississippi,45057
neshoba_mississippi,53087
newton_mississippi,50426
noxubee_mississippi,38814
oktibbeha_mississippi,43482
panola_mississippi,43990
pearl river_mississippi,56535
perry_mississippi,50435
pike_mississippi,41578
pontotoc_mississippi,52741
prentiss_mississippi,51466
quitman_mississippi,32131
rankin_mississippi,77454
scott_mississippi,48492
sharkey_mississippi,35741
simpson_mississippi,54111
smith_mississippi,51396
stone_mississippi,59307
sunflower_mississippi,40265
tallahatchie_mississippi,37383
tate_mississippi,63995
tippah_mississippi,51141
tishomingo_mississippi,46257
tunica_mississippi,38402
union_mississippi,56807
walthall_mississippi,45444
warren_mississippi,56648
washington_mississippi,40117
wayne_mississippi,36791
webster_mississippi,59964
wilkinson_mississippi,35930
winston_mississippi,49071
yalobusha_mississippi,49171
yazoo_mississippi,40974
adair_missouri,56583
andrew_missouri,74007
atchison_missouri,59260
audrain_missouri,56232
barry_missouri,56611
barton_missouri,49503
bates_missouri,57914
benton_missouri,52200
bollinger_missouri,57286
boone_missouri,69913
buchanan_missouri,59423
butler_missouri,49213
caldwell_missouri,62520
callaway_missouri,72645
camden_missouri,62927
cape girardeau_missouri,68912
carroll_missouri,61712
carter_missouri,45083
cass_missouri,87413
cedar_missouri,45577
chariton_missouri,63307
christian_missouri,81245
clark_missouri,51458
clay_missouri,86150
clinton_missouri,70625
cole_missouri,73273
cooper_missouri,67548
crawford_missouri,56345
dade_missouri,49899
dallas_missouri,53177
daviess_missouri,60665
dekalb_missouri,69093
dent_missouri,54306
douglas_missouri,49828
dunklin_missouri,47368
franklin_missouri,71973
gasconade_missouri,65096
gentry_missouri,57458
greene_missouri,57488
grundy_missouri,53839
harrison_missouri,53364
henry_missouri,56621
hickory_missouri,35084
holt_missouri,58516
howard_missouri,62628
howell_missouri,49814
iron_missouri,51161
jackson_missouri,67178
jasper_missouri,57525
jefferson_missouri,80522
johnson_missouri,67123
knox_missouri,53333
laclede_missouri,50825
lafayette_missouri,79091
lawrence_missouri,55849
lewis_missouri,52340
lincoln_missouri,85276
linn_missouri,61975
livingston_missouri,60148
mcdonald_missouri,48145
macon_missouri,58318
madison_missouri,58435
maries_missouri,61359
marion_missouri,63908
mercer_missouri,60357
miller_missouri,55172
mississippi_missouri,46258
moniteau_missouri,65161
monroe_missouri,48299
montgomery_missouri,61042
morgan_missouri,49663
new madrid_missouri,49237
newton_missouri,64583
nodaway_missouri,55970
oregon_missouri,44259
osage_missouri,75355
ozark_missouri,42329
pemiscot_missouri,40748
perry_missouri,63356
pettis_missouri,60232
phelps_missouri,55427
pike_missouri,57572
platte_missouri,95748
polk_missouri,56686
pulaski_missouri,66435
putnam_missouri,56875
ralls_missouri,62054
randolph_missouri,55310
ray_missouri,72152
reynolds_missouri,44357
ripley_missouri,43898
st. charles_missouri,102912
st. clair_missouri,46731
ste. genevieve_missouri,61310
st. francois_missouri,54813
st. louis_missouri,81340
saline_missouri,56566
schuyler_missouri,56023
scotland_missouri,67568
scott_missouri,58847
shannon_missouri,59000
shelby_missouri,52127
stoddard_missouri,54067
stone_missouri,61323
sullivan_missouri,55500
taney_missouri,58258
texas_missouri,48055
vernon_missouri,54519
warren_missouri,77989
washington_missouri,51886
wayne_missouri,43393
webster_missouri,69731
worth_missouri,46167
wright_missouri,47304
st. louis city_missouri,55279
beaverhead_montana,58072
big horn_montana,56680
blaine_montana,65050
broadwater_montana,63636
carbon_montana,71017
carter_montana,52171
cascade_montana,66203
chouteau_montana,56927
custer_montana,63585
daniels_montana,58000
dawson_montana,70953
deer lodge_montana,49533
fallon_montana,72284
fergus_montana,59731
flathead_montana,71327
gallatin_montana,87454
garfield_montana,61750
glacier_montana,45129
golden valley_montana,57353
granite_montana,54646
hill_montana,55313
jefferson_montana,76576
judith basin_montana,55417
lake_montana,61965
lewis and clark_montana,74543
liberty_montana,53264
lincoln_montana,47018
mccone_montana,71842
madison_montana,67420
meagher_montana,56215
mineral_montana,61117
missoula_montana,71246
musselshell_montana,59010
park_montana,66607
petroleum_montana,59318
phillips_montana,58156
pondera_montana,53500
powder river_montana,68009
powell_montana,63432
prairie_montana,45192
ravalli_montana,71323
richland_montana,69578
roosevelt_montana,53125
rosebud_montana,56430
sanders_montana,54035
sheridan_montana,63654
silver bow_montana,57504
stillwater_montana,81503
sweet grass_montana,69426
teton_montana,67766
toole_montana,53693
treasure_montana,73036
valley_montana,64515
wheatland_montana,47054
wibaux_montana,64792
yellowstone_montana,74400
adams_nebraska,65680
antelope_nebraska,63750
arthur_nebraska,67500
banner_nebraska,71250
blaine_nebraska,61250
boone_nebraska,71367
box butte_nebraska,68778
boyd_nebraska,58984
brown_nebraska,51538
buffalo_nebraska,74570
burt_nebraska,57303
butler_nebraska,82603
cass_nebraska,88255
cedar_nebraska,73977
chase_nebraska,62782
cherry_nebraska,63750
cheyenne_nebraska,57594
clay_nebraska,75938
colfax_nebraska,79720
cuming_nebraska,70708
custer_nebraska,66310
dakota_nebraska,71655
dawes_nebraska,54381
dawson_nebraska,65383
deuel_nebraska,61438
dixon_nebraska,69156
dodge_nebraska,71294
douglas_nebraska,79081
dundy_nebraska,56563
fillmore_nebraska,76354
franklin_nebraska,57692
frontier_nebraska,68207
furnas_nebraska,60625
gage_nebraska,64426
garden_nebraska,44777
garfield_nebraska,68611
gosper_nebraska,79145
grant_nebraska,69063
greeley_nebraska,58894
hall_nebraska,67549
hamilton_nebraska,79884
harlan_nebraska,70536
hayes_nebraska,60313
hitchcock_nebraska,52016
holt_nebraska,67225
hooker_nebraska,45854
howard_nebraska,74508
jefferson_nebraska,60568
johnson_nebraska,59457
kearney_nebraska,79167
keith_nebraska,58132
keya paha_nebraska,60313
kimball_nebraska,59438
knox_nebraska,64821
lancaster_nebraska,72625
lincoln_nebraska,64342
logan_nebraska,71650
loup_nebraska,60156
mcpherson_nebraska,61316
madison_nebraska,64637
merrick_nebraska,62849
morrill_nebraska,59773
nance_nebraska,65438
nemaha_nebraska,60132
nuckolls_nebraska,70201
otoe_nebraska,81430
pawnee_nebraska,54926
perkins_nebraska,67500
phelps_nebraska,65988
pierce_nebraska,75938
platte_nebraska,72335
polk_nebraska,71771
red willow_nebraska,60000
richardson_nebraska,55578
rock_nebraska,57500
saline_nebraska,77027
sarpy_nebraska,101402
saunders_nebraska,89395
scotts bluff_nebraska,60960
seward_nebraska,81122
sheridan_nebraska,56900
sherman_nebraska,61935
sioux_nebraska,54076
stanton_nebraska,78275
thayer_nebraska,63095
thomas_nebraska,72708
thurston_nebraska,64838
valley_nebraska,58902
washington_nebraska,90188
wayne_nebraska,67687
webster_nebraska,65197
wheeler_nebraska,55893
york_nebraska,74058
churchill_nevada,73268
clark_nevada,73845
douglas_nevada,88018
elko_nevada,83427
esmeralda_nevada,-666666666
eureka_nevada,73095
humboldt_nevada,79946
lander_nevada,84474
lincoln_nevada,69496
lyon_nevada,73460
mineral_nevada,50584
nye_nevada,55975
pershing_nevada,72007
storey_nevada,96000
washoe_nevada,85600
white pine_nevada,72294
carson city_nevada,71809
belknap_new hampshire,87983
carroll_new hampshire,82961
cheshire_new hampshire,81001
coos_new hampshire,58439
grafton_new hampshire,84021
hillsborough_new hampshire,100436
merrimack_new hampshire,93944
rockingham_new hampshire,113927
strafford_new hampshire,86564
sullivan_new hampshire,75929
atlantic_new jersey,76819
bergen_new jersey,123715
burlington_new jersey,105271
camden_new jersey,86384
cape may_new jersey,88046
cumberland_new jersey,64499
essex_new jersey,76712
gloucester_new jersey,102807
hudson_new jersey,90032
hunterdon_new jersey,139453
mercer_new jersey,96333
middlesex_new jersey,109028
monmouth_new jersey,122727
morris_new jersey,134929
ocean_new jersey,86411
passaic_new jersey,87137
salem_new jersey,78412
somerset_new jersey,135960
sussex_new jersey,114316
union_new jersey,100117
warren_new jersey,99596
bernalillo_new mexico,66514
catron_new mexico,46439
chaves_new mexico,52029
cibola_new mexico,51765
colfax_new mexico,52690
curry_new mexico,56259
de baca_new mexico,40804
doña ana_new mexico,55663
eddy_new mexico,79605
grant_new mexico,45921
guadalupe_new mexico,40149
harding_new mexico,41250
hidalgo_new mexico,49076
lea_new mexico,68750
lincoln_new mexico,51643
los alamos_new mexico,143188
luna_new mexico,37917
mckinley_new mexico,44496
mora_new mexico,50178
otero_new mexico,52717
quay_new mexico,43698
rio arriba_new mexico,53901
roosevelt_new mexico,52445
sandoval_new mexico,84053
san juan_new mexico,53020
san miguel_new mexico,47400
santa fe_new mexico,74689
sierra_new mexico,37840
socorro_new mexico,47556
taos_new mexico,58908
torrance_new mexico,46250
union_new mexico,45319
valencia_new mexico,58333
albany_new york,83149
allegany_new york,61233
bronx_new york,49036
broome_new york,61059
cattaraugus_new york,58248
cayuga_new york,66583
chautauqua_new york,56507
chemung_new york,63469
chenango_new york,62093
clinton_new york,69208
columbia_new york,83619
cortland_new york,67527
delaware_new york,60226
dutchess_new york,97273
erie_new york,71175
essex_new york,70215
franklin_new york,63747
fulton_new york,62615
genesee_new york,72055
greene_new york,74011
hamilton_new york,68950
herkimer_new york,68858
jefferson_new york,64978
kings_new york,78548
lewis_new york,68329
livingston_new york,72464
madison_new york,73141
monroe_new york,74409
montgomery_new york,62923
nassau_new york,143408
new york_new york,104553
niagara_new york,67809
oneida_new york,68819
onondaga_new york,74740
ontario_new york,79814
orange_new york,96497
orleans_new york,63838
oswego_new york,68461
otsego_new york,67086
putnam_new york,127405
queens_new york,84961
rensselaer_new york,86663
richmond_new york,98290
rockland_new york,110631
st. lawrence_new york,61900
saratoga_new york,99653
schenectady_new york,76989
schoharie_new york,71188
schuyler_new york,65625
seneca_new york,66007
steuben_new york,64740
suffolk_new york,128329
sullivan_new york,69826
tioga_new york,71791
tompkins_new york,73012
ulster_new york,81804
warren_new york,78239
washington_new york,72342
wayne_new york,73914
westchester_new york,118411
wyoming_new york,68913
yates_new york,67521
alamance_north carolina,64445
alexander_north carolina,65268
alleghany_north carolina,44272
anson_north carolina,44245
ashe_north carolina,50827
avery_north carolina,57657
beaufort_north carolina,57997
bertie_north carolina,45931
bladen_north carolina,44528
brunswick_north carolina,74034
buncombe_north carolina,70578
burke_north carolina,55684
cabarrus_north carolina,86084
caldwell_north carolina,55401
camden_north carolina,87781
carteret_north carolina,70235
caswell_north carolina,59407
catawba_north carolina,64544
chatham_north carolina,88534
cherokee_north carolina,51496
chowan_north carolina,56982
clay_north carolina,53645
cleveland_north carolina,55769
columbus_north carolina,48184
craven_north carolina,64635
cumberland_north carolina,58780
currituck_north carolina,91548
dare_north carolina,81214
davidson_north carolina,62426
davie_north carolina,73234
duplin_north carolina,51880
durham_north carolina,79501
edgecombe_north carolina,48480
forsyth_north carolina,65541
franklin_north carolina,71386
gaston_north carolina,65472
gates_north carolina,61612
graham_north carolina,49038
granville_north carolina,70975
greene_north carolina,50904
guilford_north carolina,66027
halifax_north carolina,45071
harnett_north carolina,69012
haywood_north carolina,61001
henderson_north carolina,67623
hertford_north carolina,47472
hoke_north carolina,60095
hyde_north carolina,47338
iredell_north carolina,78678
jackson_north carolina,53479
johnston_north carolina,79838
jones_north carolina,55659
lee_north carolina,63060
lenoir_north carolina,44795
lincoln_north carolina,78490
mcdowell_north carolina,55527
macon_north carolina,53298
madison_north carolina,58628
martin_north carolina,46793
mecklenburg_north carolina,83765
mitchell_north carolina,58089
montgomery_north carolina,55849
moore_north carolina,82837
nash_north carolina,60704
new hanover_north carolina,72892
northampton_north carolina,47935
onslow_north carolina,64568
orange_north carolina,88553
pamlico_north carolina,61624
pasquotank_north carolina,63912
pender_north carolina,76838
perquimans_north carolina,61224
person_north carolina,64927
pitt_north carolina,58851
polk_north carolina,61005
randolph_north carolina,59047
richmond_north carolina,43626
robeson_north carolina,40318
rockingham_north carolina,55796
rowan_north carolina,63196
rutherford_north carolina,49771
sampson_north carolina,53159
scotland_north carolina,43500
stanly_north carolina,61631
stokes_north carolina,60039
surry_north carolina,56095
swain_north carolina,55429
transylvania_north carolina,64523
tyrrell_north carolina,43952
union_north carolina,99243
vance_north carolina,46943
wake_north carolina,101763
warren_north carolina,45279
washington_north carolina,41750
watauga_north carolina,51367
wayne_north carolina,58082
wilkes_north carolina,50438
wilson_north carolina,51381
yadkin_north carolina,60321
yancey_north carolina,54961
adams_north dakota,55417
barnes_north dakota,70230
benson_north dakota,68049
billings_north dakota,81250
bottineau_north dakota,83460
bowman_north dakota,83773
burke_north dakota,96339
burleigh_north dakota,84948
cass_north dakota,75023
cavalier_north dakota,67064
dickey_north dakota,63125
divide_north dakota,89297
dunn_north dakota,94688
eddy_north dakota,55389
emmons_north dakota,67368
foster_north dakota,83412
golden valley_north dakota,76528
grand forks_north dakota,68450
grant_north dakota,56750
griggs_north dakota,64737
hettinger_north dakota,70827
kidder_north dakota,61850
lamoure_north dakota,70263
logan_north dakota,61339
mchenry_north dakota,80614
mcintosh_north dakota,64236
mckenzie_north dakota,88289
mclean_north dakota,81847
mercer_north dakota,79405
morton_north dakota,79483
mountrail_north dakota,81292
nelson_north dakota,68051
oliver_north dakota,76953
pembina_north dakota,66884
pierce_north dakota,63214
ramsey_north dakota,61319
ransom_north dakota,74521
renville_north dakota,76311
richland_north dakota,72524
rolette_north dakota,57355
sargent_north dakota,77697
sheridan_north dakota,67361
sioux_north dakota,41676
slope_north dakota,62500
stark_north dakota,80744
steele_north dakota,80313
stutsman_north dakota,60172
towner_north dakota,63017
traill_north dakota,88289
walsh_north dakota,69976
ward_north dakota,79273
wells_north dakota,61346
williams_north dakota,90224
adams_ohio,49521
allen_ohio,62001
ashland_ohio,64991
ashtabula_ohio,55507
athens_ohio,53837
auglaize_ohio,76454
belmont_ohio,58411
brown_ohio,69990
butler_ohio,81194
carroll_ohio,64675
champaign_ohio,74239
clark_ohio,60846
clermont_ohio,83178
clinton_ohio,68125
columbiana_ohio,58474
coshocton_ohio,54687
crawford_ohio,55477
cuyahoga_ohio,62823
darke_ohio,64654
defiance_ohio,73615
delaware_ohio,130088
erie_ohio,68431
fairfield_ohio,87069
fayette_ohio,60047
franklin_ohio,73795
fulton_ohio,72866
gallia_ohio,56455
geauga_ohio,100783
greene_ohio,85218
guernsey_ohio,55756
hamilton_ohio,70816
hancock_ohio,69699
hardin_ohio,58001
harrison_ohio,53851
henry_ohio,79267
highland_ohio,62008
hocking_ohio,61366
holmes_ohio,74774
huron_ohio,65972
jackson_ohio,58409
jefferson_ohio,56983
knox_ohio,73988
lake_ohio,77952
lawrence_ohio,54842
licking_ohio,81033
logan_ohio,69183
lorain_ohio,70693
lucas_ohio,60095
madison_ohio,83229
mahoning_ohio,55576
marion_ohio,57306
medina_ohio,92660
meigs_ohio,46701
mercer_ohio,78036
miami_ohio,74175
monroe_ohio,58962
montgomery_ohio,64403
morgan_ohio,55971
morrow_ohio,71047
muskingum_ohio,59203
noble_ohio,55360
ottawa_ohio,75728
paulding_ohio,68167
perry_ohio,64737
pickaway_ohio,72927
pike_ohio,49552
portage_ohio,72822
preble_ohio,71237
putnam_ohio,82785
richland_ohio,57649
ross_ohio,59819
sandusky_ohio,62500
scioto_ohio,49571
seneca_ohio,65020
shelby_ohio,72822
stark_ohio,65740
summit_ohio,71016
trumbull_ohio,55088
tuscarawas_ohio,64494
union_ohio,109506
van wert_ohio,65344
vinton_ohio,53813
warren_ohio,107843
washington_ohio,61355
wayne_ohio,71769
williams_ohio,61834
wood_ohio,73124
wyandot_ohio,71878
adair_oklahoma,48028
alfalfa_oklahoma,67870
atoka_oklahoma,52034
beaver_oklahoma,64266
beckham_oklahoma,52323
blaine_oklahoma,59304
bryan_oklahoma,54280
caddo_oklahoma,52817
canadian_oklahoma,85427
carter_oklahoma,58856
cherokee_oklahoma,53668
choctaw_oklahoma,45456
cimarron_oklahoma,57204
cleveland_oklahoma,74446
coal_oklahoma,48162
comanche_oklahoma,59000
cotton_oklahoma,60313
craig_oklahoma,50182
creek_oklahoma,61849
custer_oklahoma,57562
delaware_oklahoma,55114
dewey_oklahoma,60550
ellis_oklahoma,56992
garfield_oklahoma,67302
garvin_oklahoma,57127
grady_oklahoma,75730
grant_oklahoma,61824
greer_oklahoma,60183
harmon_oklahoma,54286
harper_oklahoma,59191
haskell_oklahoma,49930
hughes_oklahoma,47923
jackson_oklahoma,61497
jefferson_oklahoma,48750
johnston_oklahoma,50911
kay_oklahoma,56673
kingfisher_oklahoma,70617
kiowa_oklahoma,42063
latimer_oklahoma,41048
le flore_oklahoma,50027
lincoln_oklahoma,59425
logan_oklahoma,82735
love_oklahoma,62940
mcclain_oklahoma,84778
mccurtain_oklahoma,50175
mcintosh_oklahoma,46203
major_oklahoma,69229
marshall_oklahoma,56495
mayes_oklahoma,57279
murray_oklahoma,61904
muskogee_oklahoma,51999
noble_oklahoma,70071
nowata_oklahoma,52679
okfuskee_oklahoma,45441
oklahoma_oklahoma,65374
okmulgee_oklahoma,53123
osage_oklahoma,60482
ottawa_oklahoma,48656
pawnee_oklahoma,57551
payne_oklahoma,48937
pittsburg_oklahoma,54787
pontotoc_oklahoma,62564
pottawatomie_oklahoma,60828
pushmataha_oklahoma,44634
roger mills_oklahoma,62721
rogers_oklahoma,77688
seminole_oklahoma,46191
sequoyah_oklahoma,49795
stephens_oklahoma,60236
texas_oklahoma,59275
tillman_oklahoma,47445
tulsa_oklahoma,67317
wagoner_oklahoma,78520
washington_oklahoma,61205
washita_oklahoma,61980
woods_oklahoma,50512
woodward_oklahoma,65060
baker_oregon,57844
benton_oregon,76011
clackamas_oregon,100360
clatsop_oregon,68705
columbia_oregon,86359
coos_oregon,60313
crook_oregon,81675
curry_oregon,64769
deschutes_oregon,87640
douglas_oregon,58983
gilliam_oregon,64219
grant_oregon,59800
harney_oregon,48338
hood river_oregon,82095
jackson_oregon,71443
jefferson_oregon,73051
josephine_oregon,59097
klamath_oregon,59353
lake_oregon,61222
lane_oregon,69311
lincoln_oregon,61314
linn_oregon,73396
malheur_oregon,49902
marion_oregon,74624
morrow_oregon,70217
multnomah_oregon,86247
polk_oregon,81318
sherman_oregon,59500
tillamook_oregon,66551
umatilla_oregon,68958
union_oregon,64212
wallowa_oregon,65559
wasco_oregon,63602
washington_oregon,104434
wheeler_oregon,51250
yamhill_oregon,87084
adams_pennsylvania,81071
allegheny_pennsylvania,76393
armstrong_pennsylvania,64295
beaver_pennsylvania,70156
bedford_pennsylvania,60302
berks_pennsylvania,77684
blair_pennsylvania,60594
bradford_pennsylvania,62482
bucks_pennsylvania,111951
butler_pennsylvania,86775
cambria_pennsylvania,56292
cameron_pennsylvania,47681
carbon_pennsylvania,67877
centre_pennsylvania,72748
chester_pennsylvania,123041
clarion_pennsylvania,60668
clearfield_pennsylvania,60181
clinton_pennsylvania,58842
columbia_pennsylvania,61992
crawford_pennsylvania,60254
cumberland_pennsylvania,85634
dauphin_pennsylvania,74159
delaware_pennsylvania,88576
elk_pennsylvania,64103
erie_pennsylvania,61476
fayette_pennsylvania,56093
forest_pennsylvania,50061
franklin_pennsylvania,74946
fulton_pennsylvania,64798
greene_pennsylvania,66870
huntingdon_pennsylvania,65429
indiana_pennsylvania,58739
jefferson_pennsylvania,56898
juniata_pennsylvania,63923
lackawanna_pennsylvania,64691
lancaster_pennsylvania,83703
lawrence_pennsylvania,60779
lebanon_pennsylvania,76350
lehigh_pennsylvania,77493
luzerne_pennsylvania,62321
lycoming_pennsylvania,64412
mckean_pennsylvania,61705
mercer_pennsylvania,60614
mifflin_pennsylvania,61415
monroe_pennsylvania,82374
montgomery_pennsylvania,111521
montour_pennsylvania,72926
northampton_pennsylvania,86687
northumberland_pennsylvania,57948
perry_pennsylvania,78824
philadelphia_pennsylvania,60698
pike_pennsylvania,79318
potter_pennsylvania,59840
schuylkill_pennsylvania,66901
snyder_pennsylvania,68435
somerset_pennsylvania,59378
sullivan_pennsylvania,64758
susquehanna_pennsylvania,66930
tioga_pennsylvania,62932
union_pennsylvania,72894
venango_pennsylvania,61626
warren_pennsylvania,59013
washington_pennsylvania,77487
wayne_pennsylvania,62182
westmoreland_pennsylvania,72468
wyoming_pennsylvania,70268
york_pennsylvania,82238
bristol_rhode island,110926
kent_rhode island,91278
newport_rhode island,100859
providence_rhode island,78204
washington_rhode island,102478
abbeville_south carolina,52112
aiken_south carolina,67940
allendale_south carolina,31603
anderson_south carolina,64683
bamberg_south carolina,43206
barnwell_south carolina,41800
beaufort_south carolina,84819
berkeley_south carolina,82327
calhoun_south carolina,56690
charleston_south carolina,84320
cherokee_south carolina,49047
chester_south carolina,51216
chesterfield_south carolina,47620
clarendon_south carolina,48887
colleton_south carolina,48779
darlington_south carolina,47419
dillon_south carolina,44038
dorchester_south carolina,76896
edgefield_south carolina,67092
fairfield_south carolina,46972
florence_south carolina,56650
georgetown_south carolina,66734
greenville_south carolina,74624
greenwood_south carolina,50635
hampton_south carolina,43059
horry_south carolina,64623
jasper_south carolina,63503
kershaw_south carolina,64343
lancaster_south carolina,74751
laurens_south carolina,55517
lee_south carolina,44145
lexington_south carolina,75014
mccormick_south carolina,55344
marion_south carolina,34501
marlboro_south carolina,36293
newberry_south carolina,59670
oconee_south carolina,60193
orangeburg_south carolina,43214
pickens_south carolina,59411
richland_south carolina,61699
saluda_south carolina,52957
spartanburg_south carolina,64195
sumter_south carolina,55990
union_south carolina,41200
williamsburg_south carolina,43471
york_south carolina,83060
aurora_south dakota,74130
beadle_south dakota,63082
bennett_south dakota,44569
bon homme_south dakota,61275
brookings_south dakota,67341
brown_south dakota,70239
brule_south dakota,74043
buffalo_south dakota,47000
butte_south dakota,67692
campbell_south dakota,65000
charles mix_south dakota,64850
clark_south dakota,62885
clay_south dakota,58794
codington_south dakota,65080
corson_south dakota,43750
custer_south dakota,81958
davison_south dakota,61401
day_south dakota,62270
deuel_south dakota,79556
dewey_south dakota,57928
douglas_south dakota,78125
edmunds_south dakota,77266
fall river_south dakota,61056
faulk_south dakota,58000
grant_south dakota,73818
gregory_south dakota,52432
haakon_south dakota,59231
hamlin_south dakota,83194
hand_south dakota,72054
hanson_south dakota,86375
harding_south dakota,74766
hughes_south dakota,78981
hutchinson_south dakota,74459
hyde_south dakota,74279
jackson_south dakota,26686
jerauld_south dakota,75417
jones_south dakota,64688
kingsbury_south dakota,70221
lake_south dakota,73792
lawrence_south dakota,66766
lincoln_south dakota,96552
lyman_south dakota,61169
mccook_south dakota,80847
mcpherson_south dakota,62024
marshall_south dakota,72500
meade_south dakota,74161
mellette_south dakota,51364
miner_south dakota,72589
minnehaha_south dakota,76074
moody_south dakota,77500
oglala lakota_south dakota,34769
pennington_south dakota,70768
perkins_south dakota,65455
potter_south dakota,71726
roberts_south dakota,63691
sanborn_south dakota,69870
spink_south dakota,73011
stanley_south dakota,77000
sully_south dakota,70250
todd_south dakota,39148
tripp_south dakota,58854
turner_south dakota,75283
union_south dakota,84137
walworth_south dakota,62722
yankton_south dakota,73855
ziebach_south dakota,47333
anderson_tennessee,63171
bedford_tennessee,62197
benton_tennessee,50435
bledsoe_tennessee,49655
blount_tennessee,74607
bradley_tennessee,63789
campbell_tennessee,50260
cannon_tennessee,58092
carroll_tennessee,50391
carter_tennessee,48435
cheatham_tennessee,82015
chester_tennessee,60543
claiborne_tennessee,46587
clay_tennessee,44712
cocke_tennessee,48416
coffee_tennessee,60656
crockett_tennessee,59049
cumberland_tennessee,58475
davidson_tennessee,75664
decatur_tennessee,46190
dekalb_tennessee,48484
dickson_tennessee,73223
dyer_tennessee,54973
fayette_tennessee,84764
fentress_tennessee,50865
franklin_tennessee,61553
gibson_tennessee,59009
giles_tennessee,61476
grainger_tennessee,51351
greene_tennessee,54071
grundy_tennessee,45573
hamblen_tennessee,52794
hamilton_tennessee,72568
hancock_tennessee,31995
hardeman_tennessee,46173
hardin_tennessee,49149
hawkins_tennessee,55278
haywood_tennessee,43513
henderson_tennessee,53471
henry_tennessee,48540
hickman_tennessee,57223
houston_tennessee,54475
humphreys_tennessee,59333
jackson_tennessee,41475
jefferson_tennessee,63084
johnson_tennessee,52152
knox_tennessee,71662
lake_tennessee,30500
lauderdale_tennessee,49205
lawrence_tennessee,53233
lewis_tennessee,49477
lincoln_tennessee,63115
loudon_tennessee,80296
mcminn_tennessee,59674
mcnairy_tennessee,50714
macon_tennessee,56269
madison_tennessee,58189
marion_tennessee,58103
marshall_tennessee,70829
maury_tennessee,74162
meigs_tennessee,58395
monroe_tennessee,56648
montgomery_tennessee,72365
moore_tennessee,66687
morgan_tennessee,57408
obion_tennessee,53102
overton_tennessee,46159
perry_tennessee,50489
pickett_tennessee,44591
polk_tennessee,60227
putnam_tennessee,56537
rhea_tennessee,58133
roane_tennessee,66218
robertson_tennessee,78439
rutherford_tennessee,82588
scott_tennessee,42679
sequatchie_tennessee,52260
sevier_tennessee,63829
shelby_tennessee,62337
smith_tennessee,62799
stewart_tennessee,62052
sullivan_tennessee,56802
sumner_tennessee,86005
tipton_tennessee,71736
trousdale_tennessee,63190
unicoi_tennessee,50381
union_tennessee,61858
van buren_tennessee,60281
warren_tennessee,54088
washington_tennessee,61051
wayne_tennessee,52824
weakley_tennessee,49502
white_tennessee,52206
williamson_tennessee,131202
wilson_tennessee,94048
anderson_texas,58846
andrews_texas,76902
angelina_texas,58847
aransas_texas,61754
archer_texas,71958
armstrong_texas,68462
atascosa_texas,69413
austin_texas,75994
bailey_texas,70625
bandera_texas,69703
bastrop_texas,82730
baylor_texas,42313
bee_texas,56075
bell_texas,66051
bexar_texas,70571
blanco_texas,87564
borden_texas,64250
bosque_texas,69339
bowie_texas,59295
brazoria_texas,95155
brazos_texas,58388
brewster_texas,52612
briscoe_texas,41188
brooks_texas,31310
brown_texas,55305
burleson_texas,72888
burnet_texas,77158
caldwell_texas,68503
calhoun_texas,71870
callahan_texas,68455
cameron_texas,51334
camp_texas,55061
carson_texas,84583
cass_texas,54328
castro_texas,63485
chambers_texas,108114
cherokee_texas,59830
childress_texas,60333
clay_texas,77355
cochran_texas,42137
coke_texas,46431
coleman_texas,52364
collin_texas,117588
collingsworth_texas,60165
colorado_texas,68554
comal_texas,99015
comanche_texas,59946
concho_texas,59632
cooke_texas,72472
coryell_texas,68904
cottle_texas,58819
crane_texas,59915
crockett_texas,81739
crosby_texas,52197
culberson_texas,42672
dallam_texas,72332
dallas_texas,74149
dawson_texas,55789
deaf smith_texas,54114
delta_texas,62855
denton_texas,108185
dewitt_texas,64014
dickens_texas,50417
dimmit_texas,33409
donley_texas,56648
duval_texas,50081
eastland_texas,51741
ector_texas,71031
edwards_texas,38500
ellis_texas,95898
el paso_texas,58859
erath_texas,65351
falls_texas,55372
fannin_texas,68377
fayette_texas,76541
fisher_texas,64700
floyd_texas,55461
foard_texas,42212
fort bend_texas,113409
franklin_texas,66800
freestone_texas,58460
frio_texas,60098
gaines_texas,76605
galveston_texas,85348
garza_texas,50545
gillespie_texas,67799
glasscock_texas,106806
goliad_texas,59556
gonzales_texas,59355
gray_texas,56082
grayson_texas,70455
gregg_texas,64809
grimes_texas,67080
guadalupe_texas,93776
hale_texas,52788
hall_texas,46728
hamilton_texas,55339
hansford_texas,68299
hardeman_texas,61179
hardin_texas,72532
harris_texas,73104
harrison_texas,66040
hartley_texas,82122
haskell_texas,54044
hays_texas,85827
hemphill_texas,72052
henderson_texas,63955
hidalgo_texas,52281
hill_texas,63147
hockley_texas,54810
hood_texas,86802
hopkins_texas,64725
houston_texas,54563
howard_texas,71457
hudspeth_texas,39336
hunt_texas,70112
hutchinson_texas,65470
irion_texas,58125
jack_texas,65693
jackson_texas,61752
jasper_texas,49919
jeff davis_texas,32625
jefferson_texas,59934
jim hogg_texas,42230
jim wells_texas,47492
johnson_texas,81826
jones_texas,63472
karnes_texas,59103
kaufman_texas,88606
kendall_texas,110498
kenedy_texas,-666666666
kent_texas,71420
kerr_texas,67927
kimble_texas,65703
king_texas,70192
kinney_texas,66341
kleberg_texas,57612
knox_texas,56304
lamar_texas,61122
lamb_texas,56997
lampasas_texas,76919
la salle_texas,55469
lavaca_texas,61768
lee_texas,66000
leon_texas,59975
liberty_texas,64773
limestone_texas,58109
lipscomb_texas,71442
live oak_texas,53869
llano_texas,65636
loving_texas,51087
lubbock_texas,63367
lynn_texas,57411
mcculloch_texas,51919
mclennan_texas,63888
mcmullen_texas,45833
madison_texas,67128
marion_texas,47447
martin_texas,77083
mason_texas,68750
matagorda_texas,55174
maverick_texas,51270
medina_texas,73462
menard_texas,48191
midland_texas,93984
milam_texas,59076
mills_texas,64494
mitchell_texas,56033
montague_texas,62818
montgomery_texas,97266
moore_texas,61325
morris_texas,55082
motley_texas,62857
nacogdoches_texas,51528
navarro_texas,59310
newton_texas,41044
nolan_texas,50160
nueces_texas,66021
ochiltree_texas,64988
oldham_texas,76402
orange_texas,73372
palo pinto_texas,64972
panola_texas,62593
parker_texas,102099
parmer_texas,68164
pecos_texas,67689
polk_texas,59066
potter_texas,50448
presidio_texas,29014
rains_texas,64874
randall_texas,80905
reagan_texas,70288
real_texas,45417
red river_texas,46912
reeves_texas,56056
refugio_texas,58016
roberts_texas,66118
robertson_texas,66250
rockwall_texas,124917
runnels_texas,63490
rusk_texas,67506
sabine_texas,59924
san augustine_texas,46338
san jacinto_texas,59526
san patricio_texas,67512
san saba_texas,54855
schleicher_texas,90141
scurry_texas,62689
shackelford_texas,64659
shelby_texas,50436
sherman_texas,74167
smith_texas,71923
somervell_texas,83382
starr_texas,38182
stephens_texas,54695
sterling_texas,78750
stonewall_texas,61250
sutton_texas,75000
swisher_texas,39031
tarrant_texas,81905
taylor_texas,66406
terrell_texas,46989
terry_texas,45905
throckmorton_texas,58864
titus_texas,59220
tom green_texas,66254
travis_texas,97169
trinity_texas,51663
tyler_texas,50647
upshur_texas,62794
upton_texas,52321
uvalde_texas,57849
val verde_texas,59673
van zandt_texas,68274
victoria_texas,70101
walker_texas,49862
waller_texas,76135
ward_texas,71719
washington_texas,75085
webb_texas,62506
wharton_texas,66100
wheeler_texas,67964
wichita_texas,62168
wilbarger_texas,51626
willacy_texas,45645
williamson_texas,108309
wilson_texas,92461
winkler_texas,91898
wise_texas,89897
wood_texas,62524
yoakum_texas,82261
young_texas,63723
zapata_texas,36527
zavala_texas,41887
beaver_utah,85603
box elder_utah,77865
cache_utah,78292
carbon_utah,53673
daggett_utah,58750
davis_utah,108058
duchesne_utah,74738
emery_utah,69956
garfield_utah,61688
grand_utah,62521
iron_utah,65527
juab_utah,89803
kane_utah,75000
millard_utah,70877
morgan_utah,126092
piute_utah,44650
rich_utah,76875
salt lake_utah,94658
san juan_utah,54890
sanpete_utah,67459
sevier_utah,73765
summit_utah,137058
tooele_utah,101846
uintah_utah,69861
utah_utah,96877
wasatch_utah,115146
washington_utah,76411
wayne_utah,70074
weber_utah,87083
addison_vermont,88478
bennington_vermont,71494
caledonia_vermont,66075
chittenden_vermont,94310
essex_vermont,58985
franklin_vermont,79078
grand isle_vermont,90625
lamoille_vermont,69897
orange_vermont,77328
orleans_vermont,66426
rutland_vermont,64778
washington_vermont,79853
windham_vermont,68021
windsor_vermont,75247
accomack_virginia,57500
albemarle_virginia,102617
alleghany_virginia,55160
amelia_virginia,66339
amherst_virginia,67298
appomattox_virginia,62337
arlington_virginia,140160
augusta_virginia,79972
bath_virginia,61709
bedford_virginia,77644
bland_virginia,61375
botetourt_virginia,80467
brunswick_virginia,52978
buchanan_virginia,42216
buckingham_virginia,59199
campbell_virginia,62608
caroline_virginia,86267
carroll_virginia,52575
charles city_virginia,70339
charlotte_virginia,48892
chesterfield_virginia,98910
clarke_virginia,114185
craig_virginia,67778
culpeper_virginia,96098
cumberland_virginia,57057
dickenson_virginia,43831
dinwiddie_virginia,83898
essex_virginia,56481
fairfax_virginia,150113
fauquier_virginia,129495
floyd_virginia,61401
fluvanna_virginia,91959
franklin_virginia,68348
frederick_virginia,95603
giles_virginia,64819
gloucester_virginia,83689
goochland_virginia,118695
grayson_virginia,42864
greene_virginia,85268
greensville_virginia,56759
halifax_virginia,49244
hanover_virginia,109504
henrico_virginia,86397
henry_virginia,48445
highland_virginia,62946
isle of wight_virginia,96118
james city_virginia,107046
king and queen_virginia,72851
king george_virginia,110517
king william_virginia,85212
lancaster_virginia,67169
lee_virginia,42269
loudoun_virginia,178707
louisa_virginia,80343
lunenburg_virginia,54460
madison_virginia,82972
mathews_virginia,75487
mecklenburg_virginia,51691
middlesex_virginia,74154
montgomery_virginia,70769
nelson_virginia,68525
new kent_virginia,120125
northampton_virginia,55933
northumberland_virginia,69500
nottoway_virginia,62161
orange_virginia,94175
page_virginia,59396
patrick_virginia,50938
pittsylvania_virginia,54115
powhatan_virginia,110667
prince edward_virginia,55082
prince george_virginia,88225
prince william_virginia,128873
pulaski_virginia,60767
rappahannock_virginia,98125
richmond_virginia,64184
roanoke_virginia,82931
rockbridge_virginia,63975
rockingham_virginia,78468
russell_virginia,49020
scott_virginia,45136
shenandoah_virginia,64437
smyth_virginia,46859
southampton_virginia,68465
spotsylvania_virginia,109576
stafford_virginia,133792
surry_virginia,71458
sussex_virginia,62821
tazewell_virginia,45788
warren_virginia,84331
washington_virginia,62774
westmoreland_virginia,59766
wise_virginia,50740
wythe_virginia,55359
york_virginia,108326
alexandria city_virginia,113638
bristol city_virginia,44706
buena vista city_virginia,54458
charlottesville city_virginia,69829
chesapeake city_virginia,94189
colonial heights city_virginia,76250
covington city_virginia,42724
danville city_virginia,42778
emporia city_virginia,49375
fairfax city_virginia,132774
falls church city_virginia,154734
franklin city_virginia,65125
fredericksburg city_virginia,85368
galax city_virginia,41438
hampton city_virginia,67758
harrisonburg city_virginia,59752
hopewell city_virginia,48681
lexington city_virginia,89598
lynchburg city_virginia,59808
manassas city_virginia,117919
manassas park city_virginia,100668
martinsville city_virginia,42434
newport news city_virginia,66718
norfolk city_virginia,64017
norton city_virginia,38497
petersburg city_virginia,50741
poquoson city_virginia,120919
portsmouth city_virginia,58972
radford city_virginia,52791
richmond city_virginia,62671
roanoke city_virginia,52671
salem city_virginia,66716
staunton city_virginia,62586
suffolk city_virginia,90089
virginia beach city_virginia,90685
waynesboro city_virginia,56364
williamsburg city_virginia,70206
winchester city_virginia,64648
adams_washington,65042
asotin_washington,69107
benton_washington,87316
chelan_washington,78306
clallam_washington,67999
clark_washington,94948
columbia_washington,71528
cowlitz_washington,72932
douglas_washington,80374
ferry_washington,54650
franklin_washington,82755
garfield_washington,62411
grant_washington,71115
grays harbor_washington,63539
island_washington,88358
jefferson_washington,71143
king_washington,122148
kitsap_washington,98546
kittitas_washington,69928
klickitat_washington,70400
lewis_washington,69690
lincoln_washington,71227
mason_washington,78359
okanogan_washington,60293
pacific_washington,62350
pend oreille_washington,63750
pierce_washington,96632
san juan_washington,83682
skagit_washington,85474
skamania_washington,90085
snohomish_washington,107982
spokane_washington,73513
stevens_washington,67405
thurston_washington,93985
wahkiakum_washington,57091
walla walla_washington,72212
whatcom_washington,80989
whitman_washington,52893
yakima_washington,68015
barbour_west virginia,48347
berkeley_west virginia,77329
boone_west virginia,56152
braxton_west virginia,44449
brooke_west virginia,52116
cabell_west virginia,52828
calhoun_west virginia,41421
clay_west virginia,42790
doddridge_west virginia,61164
fayette_west virginia,52672
gilmer_west virginia,50991
grant_west virginia,61530
greenbrier_west virginia,48662
hampshire_west virginia,60299
hancock_west virginia,61017
hardy_west virginia,49302
harrison_west virginia,58326
jackson_west virginia,55671
jefferson_west virginia,95523
kanawha_west virginia,58887
lewis_west virginia,52279
lincoln_west virginia,48593
logan_west virginia,47237
mcdowell_west virginia,29980
marion_west virginia,67537
marshall_west virginia,60329
mason_west virginia,53454
mercer_west virginia,47799
mineral_west virginia,68049
mingo_west virginia,39527
monongalia_west virginia,62704
monroe_west virginia,54508
morgan_west virginia,63805
nicholas_west virginia,49280
ohio_west virginia,57867
pendleton_west virginia,61738
pleasants_west virginia,61038
pocahontas_west virginia,41200
preston_west virginia,61373
putnam_west virginia,77871
raleigh_west virginia,52055
randolph_west virginia,55057
ritchie_west virginia,50256
roane_west virginia,45194
summers_west virginia,42544
taylor_west virginia,56807
tucker_west virginia,53475
tyler_west virginia,58293
upshur_west virginia,51859
wayne_west virginia,55539
webster_west virginia,42061
wetzel_west virginia,53341
wirt_west virginia,54688
wood_west virginia,56193
wyoming_west virginia,48038
adams_wisconsin,59153
ashland_wisconsin,57645
barron_wisconsin,64619
bayfield_wisconsin,69609
brown_wisconsin,77490
buffalo_wisconsin,68722
burnett_wisconsin,61664
calumet_wisconsin,87700
chippewa_wisconsin,74009
clark_wisconsin,66250
columbia_wisconsin,82792
crawford_wisconsin,63496
dane_wisconsin,88108
dodge_wisconsin,73992
door_wisconsin,71785
douglas_wisconsin,72579
dunn_wisconsin,71785
eau claire_wisconsin,71834
florence_wisconsin,62786
fond du lac_wisconsin,73154
forest_wisconsin,59727
grant_wisconsin,64349
green_wisconsin,80248
green lake_wisconsin,66917
iowa_wisconsin,83372
iron_wisconsin,59058
jackson_wisconsin,65508
jefferson_wisconsin,80604
juneau_wisconsin,65150
kenosha_wisconsin,79412
kewaunee_wisconsin,80085
la crosse_wisconsin,70704
lafayette_wisconsin,72091
langlade_wisconsin,57258
lincoln_wisconsin,67726
manitowoc_wisconsin,68611
marathon_wisconsin,76185
marinette_wisconsin,63401
marquette_wisconsin,63471
menominee_wisconsin,59528
milwaukee_wisconsin,62118
monroe_wisconsin,68213
oconto_wisconsin,75886
oneida_wisconsin,69621
outagamie_wisconsin,82857
ozaukee_wisconsin,96734
pepin_wisconsin,74536
pierce_wisconsin,88802
polk_wisconsin,76208
portage_wisconsin,73284
price_wisconsin,58720
racine_wisconsin,75331
richland_wisconsin,62649
rock_wisconsin,74390
rusk_wisconsin,58322
st. croix_wisconsin,102482
sauk_wisconsin,77648
sawyer_wisconsin,59055
shawano_wisconsin,67032
sheboygan_wisconsin,71898
taylor_wisconsin,63142
trempealeau_wisconsin,71295
vernon_wisconsin,69556
vilas_wisconsin,67132
walworth_wisconsin,77359
washburn_wisconsin,61270
washington_wisconsin,95851
waukesha_wisconsin,104100
waupaca_wisconsin,71189
waushara_wisconsin,64968
winnebago_wisconsin,72873
wood_wisconsin,66417
albany_wyoming,59881
big horn_wyoming,60547
campbell_wyoming,95253
carbon_wyoming,66721
converse_wyoming,79164
crook_wyoming,71209
fremont_wyoming,64646
goshen_wyoming,64882
hot springs_wyoming,64375
johnson_wyoming,63905
laramie_wyoming,77884
lincoln_wyoming,86092
natrona_wyoming,71247
niobrara_wyoming,48987
park_wyoming,70533
platte_wyoming,66299
sheridan_wyoming,70855
sublette_wyoming,82791
sweetwater_wyoming,76464
teton_wyoming,112681
uinta_wyoming,82672
washakie_wyoming,62648
weston_wyoming,87545
